"SAMPLE","DateTime","DATE","TIME","Timepoint","CYT","CYTSN","OP","FSC-A_Gain","FSC-H_Gain","FSC-W_Gain","SSC-A_Gain","SSC-H_Gain","SSC-W_Gain","B530-A_Gain","B530-H_Gain","B585-A_Gain","B585-H_Gain","B695-A_Gain","B695-H_Gain","B780-A_Gain","B780-H_Gain","R670-A_Gain","R670-H_Gain","R780-A_Gain","R780-H_Gain","FSC-A","FSC-H","FSC-W","SSC-A","SSC-H","SSC-W","B530-A","B530-H","B585-A","B585-H","B695-A","B695-H","B780-A","B780-H","R670-A","R670-H","R780-A","R780-H","Blue_LaserDelay","Red_LaserDelay","Blue_AreaScalingFactor","Red_AreaScalingFactor"
"21-DEC-2018",2018-12-21 08:53:33,"2018-12-21","8H 53M 33S","Unknown","2.16.0","Unknown","Unknown",530,530,530,368,368,368,400,NA,440,NA,410,NA,470,NA,410,NA,380,NA,103356.890625,66359.29296875,101799,94314.9609375,67471.65234375,91700,8476.560546875,NA,7447.68017578125,NA,7600.3203125,NA,7641.36010742188,NA,8549.0595703125,NA,7862.61962890625,NA,NA,NA,NA,NA
"20-DEC-2018",2018-12-20 08:51:26,"2018-12-20","8H 51M 26S","Unknown","2.16.0","Unknown","Unknown",530,530,530,368,368,368,400,NA,440,NA,410,NA,470,NA,410,NA,380,NA,103537.984375,65986.09375,102727,93827.5234375,67060.3359375,91811,8349.1201171875,NA,7329.60009765625,NA,7653.60009765625,NA,7956.00048828125,NA,8797.9599609375,NA,8432.4697265625,NA,NA,NA,NA,NA
"19-DEC-2018",2018-12-19 09:03:12,"2018-12-19","9H 3M 12S","Unknown","2.16.0","Unknown","Unknown",530,530,530,368,368,368,400,NA,440,NA,410,NA,470,NA,410,NA,380,NA,103103.00390625,65799.84765625,102681,94088.1640625,66708.234375,92500,8242.560546875,NA,7266.96020507812,NA,7648.56030273438,NA,8040.96044921875,NA,8781.58447265625,NA,8517.619140625,NA,NA,NA,NA,NA
"18-DEC-2018",2018-12-18 09:02:40,"2018-12-18","9H 2M 40S","Unknown","2.16.0","Unknown","Unknown",530,530,530,368,368,368,400,NA,440,NA,410,NA,470,NA,410,NA,380,NA,102108.375,66457.28125,101380.5,96159.6015625,67133.62890625,94177,8280,NA,7125.84033203125,NA,6966.72021484375,NA,6242.40014648438,NA,8591.634765625,NA,6959.37475585938,NA,NA,NA,NA,NA
"17-DEC-2018",2018-12-17 08:32:04,"2018-12-17","8H 32M 4S","Unknown","2.16.0","Unknown","Unknown",530,530,530,368,368,368,400,NA,440,NA,410,NA,470,NA,410,NA,380,NA,105630.07421875,66486.8515625,104532,96495.12109375,67003.55859375,94168,8514.00048828125,NA,7349.76025390625,NA,7076.88037109375,NA,6364.08032226562,NA,8592.28955078125,NA,6968.54467773438,NA,NA,NA,NA,NA
"14-DEC-2018",2018-12-14 09:10:04,"2018-12-14","9H 10M 4S","Unknown","2.16.0","Unknown","Unknown",530,530,530,368,368,368,400,NA,440,NA,410,NA,470,NA,410,NA,380,NA,103254.515625,66492.39453125,102208.5,94665.60546875,67332.61328125,91865,8398.80029296875,NA,7207.92016601562,NA,7007.04028320312,NA,6431.04028320312,NA,8476.3544921875,NA,6948.89477539062,NA,NA,NA,NA,NA
"13-DEC-2018",2018-12-13 08:39:56,"2018-12-13","8H 39M 56S","Unknown","2.16.0","Unknown","Unknown",530,530,530,368,368,368,400,NA,440,NA,410,NA,470,NA,410,NA,380,NA,103532.5234375,66332.8046875,102406.5,95118.484375,67691.5078125,91915,8347.6806640625,NA,7308.00048828125,NA,7167.60034179688,NA,6706.80029296875,NA,8702.330078125,NA,7296.69970703125,NA,NA,NA,NA,NA
"12-DEC-2018",2018-12-12 08:39:07,"2018-12-12","8H 39M 7S","Unknown","2.16.0","Unknown","Unknown",530,530,530,368,368,368,400,NA,440,NA,410,NA,470,NA,410,NA,380,NA,96909.5390625,66496.640625,95635,89794.0859375,67882.75,86765,7849.4404296875,NA,6847.2001953125,NA,6743.5205078125,NA,6366.240234375,NA,8735.080078125,NA,7397.56982421875,NA,NA,NA,NA,NA
"11-DEC-2018",2018-12-11 10:06:05,"2018-12-11","10H 6M 5S","Unknown","2.16.0","Unknown","Unknown",530,530,530,368,368,368,400,NA,440,NA,410,NA,470,NA,410,NA,380,NA,97932.3828125,66391.515625,96477,86489.28125,67616.1875,83898,7833.60009765625,NA,6860.16015625,NA,6831.3603515625,NA,6474.240234375,NA,8552.9892578125,NA,7298.009765625,NA,NA,NA,NA,NA
"10-DEC-2018",2018-12-10 08:46:20,"2018-12-10","8H 46M 20S","Unknown","2.16.0","Unknown","Unknown",530,530,530,368,368,368,400,NA,440,NA,410,NA,470,NA,410,NA,380,NA,99745.1015625,65888.60546875,99250,92846.1640625,67411.59765625,90346,8243.2802734375,NA,7272.72045898438,NA,7292.16015625,NA,6952.3203125,NA,8829.3994140625,NA,7599.3095703125,NA,NA,NA,NA,NA
"07-DEC-2018",2018-12-07 08:28:21,"2018-12-07","8H 28M 21S","Unknown","2.16.0","Unknown","Unknown",530,530,530,368,368,368,400,NA,440,NA,410,NA,470,NA,410,NA,380,NA,99845.19921875,66112.7578125,99029,93543.125,67060.265625,91533.5,8146.80053710938,NA,7110.00024414062,NA,7169.76025390625,NA,6989.76025390625,NA,8676.1298828125,NA,7486.64990234375,NA,NA,NA,NA,NA
"06-DEC-2018",2018-12-06 08:35:34,"2018-12-06","8H 35M 34S","Unknown","2.16.0","Unknown","Unknown",530,530,530,368,368,368,400,NA,440,NA,410,NA,470,NA,410,NA,380,NA,102289.0078125,66181.33984375,101342,93996.00390625,67292.95703125,91481,8415.3603515625,NA,7354.080078125,NA,7457.04028320312,NA,7348.3203125,NA,8809.75,NA,7804.9794921875,NA,NA,NA,NA,NA
"05-DEC-2018",2018-12-05 08:51:15,"2018-12-05","8H 51M 15S","Unknown","2.16.0","Unknown","Unknown",530,530,530,368,368,368,400,NA,440,NA,410,NA,470,NA,410,NA,380,NA,106903.1640625,66143.2578125,105831,97558.5625,67385.109375,94924,8743.6806640625,NA,7617.60009765625,NA,7768.80029296875,NA,7647.84033203125,NA,8837.259765625,NA,7833.7998046875,NA,NA,NA,NA,NA
"04-DEC-2018",2018-12-04 08:52:08,"2018-12-04","8H 52M 8S","Unknown","2.16.0","Unknown","Unknown",530,530,530,368,368,368,400,NA,440,NA,410,NA,470,NA,410,NA,380,NA,103454.265625,66043.4609375,102655,94786.5625,67104.421875,92732,8468.640625,NA,7400.16015625,NA,7588.80029296875,NA,7604.64013671875,NA,8846.4296875,NA,8061.73974609375,NA,NA,NA,NA,NA
"03-DEC-2018",2018-12-03 09:00:23,"2018-12-03","9H 0M 23S","Unknown","2.16.0","Unknown","Unknown",530,530,530,368,368,368,400,NA,440,NA,410,NA,470,NA,410,NA,380,NA,93698.15625,65583.9765625,93692,93248.640625,67984.9296875,90209,8176.3203125,NA,7152.48046875,NA,7359.84033203125,NA,7584.48046875,NA,8593.599609375,NA,8195.359375,NA,NA,NA,NA,NA
"30-NOV-2018",2018-11-30 09:08:14,"2018-11-30","9H 8M 14S","Unknown","2.16.0","Unknown","Unknown",530,530,530,368,368,368,400,NA,440,NA,410,NA,470,NA,410,NA,380,NA,102686.2265625,66061.484375,101771,96298.5625,67154.453125,94137,8359.2001953125,NA,7305.1201171875,NA,7649.2802734375,NA,7986.240234375,NA,8914.5498046875,NA,8589.669921875,NA,NA,NA,NA,NA
"29-NOV-2018",2018-11-29 08:32:34,"2018-11-29","8H 32M 34S","Unknown","2.16.0","Unknown","Unknown",530,530,530,368,368,368,400,NA,440,NA,410,NA,470,NA,410,NA,380,NA,102908.71875,66218.4375,101744.5,97756.5625,67420.64453125,95120,8383.6806640625,NA,7345.4404296875,NA,7655.04052734375,NA,8091.3603515625,NA,8824.1591796875,NA,8592.2900390625,NA,NA,NA,NA,NA
"28-NOV-2018",2018-11-28 09:44:46,"2018-11-28","9H 44M 46S","Unknown","2.16.0","Unknown","Unknown",530,530,530,368,368,368,400,NA,440,NA,410,NA,470,NA,410,NA,380,NA,101449.53125,65918.578125,100811,93595.6875,66836.5390625,91861,8138.88037109375,NA,7138.080078125,NA,7387.2001953125,NA,7817.76025390625,NA,8600.1494140625,NA,8429.849609375,NA,NA,NA,NA,NA
"27-NOV-2018",2018-11-27 09:34:34,"2018-11-27","9H 34M 34S","Unknown","2.16.0","Unknown","Unknown",530,530,530,368,368,368,400,NA,440,NA,410,NA,470,NA,410,NA,380,NA,99149.9609375,65692.390625,99077,96032.1640625,67655.9765625,93189,8611.2001953125,NA,7472.16015625,NA,6608.16015625,NA,5011.2001953125,NA,7985.759765625,NA,4895.4697265625,NA,NA,NA,NA,NA
"26-NOV-2018",2018-11-26 15:34:40,"2018-11-26","15H 34M 40S","Unknown","2.16.0","Unknown","Unknown",530,530,530,368,368,368,400,NA,440,NA,410,NA,470,NA,410,NA,380,NA,104077.609375,65789.9140625,103605,91653.125,66690.6171875,90085,8524.80078125,NA,7401.60009765625,NA,6508.80029296875,NA,4904.64013671875,NA,7873.099609375,NA,4891.53955078125,NA,NA,NA,NA,NA
"19-NOV-2018",2018-11-19 08:34:30,"2018-11-19","8H 34M 30S","Unknown","2.16.0","Unknown","Unknown",530,530,530,368,368,368,400,NA,440,NA,410,NA,470,NA,410,NA,380,NA,109125.3828125,65959.5703125,108415,98148.9609375,66908.4140625,96301,8889.1201171875,NA,7768.80029296875,NA,7600.3203125,NA,7008.48046875,NA,8632.8994140625,NA,7037.31982421875,NA,NA,NA,NA,NA
"15-NOV-2018",2018-11-15 09:00:56,"2018-11-15","9H 0M 56S","Unknown","2.16.0","Unknown","Unknown",530,530,530,368,368,368,400,NA,440,NA,410,NA,470,NA,410,NA,380,NA,105976.78125,66065.703125,105208,97254.7265625,67123.8125,95090,8827.2001953125,NA,7704.00048828125,NA,7548.48046875,NA,7030.080078125,NA,8660.4091796875,NA,7142.11962890625,NA,NA,NA,NA,NA
"13-NOV-2018",2018-11-13 08:48:21,"2018-11-13","8H 48M 21S","Unknown","2.16.0","Unknown","Unknown",530,530,530,368,368,368,400,NA,440,NA,410,NA,470,NA,410,NA,380,NA,103499.30859375,66161.17578125,102514.5,95812.56640625,67200.55078125,93570.5,8568,NA,7486.56005859375,NA,7393.68041992188,NA,6880.3203125,NA,8636.1748046875,NA,7155.2197265625,NA,NA,NA,NA,NA
"12-NOV-2018",2018-11-12 08:50:59,"2018-11-12","8H 50M 59S","Unknown","2.16.0","Unknown","Unknown",530,530,530,368,368,368,400,NA,440,NA,410,NA,470,NA,410,NA,380,NA,104914.359375,65768.578125,104617,94073.76171875,66734.92578125,92348.5,8501.7607421875,NA,7449.84008789062,NA,7356.96044921875,NA,6941.52026367188,NA,8644.689453125,NA,7257.39990234375,NA,NA,NA,NA,NA
"09-NOV-2018",2018-11-09 09:13:46,"2018-11-09","9H 13M 46S","Unknown","2.16.0","Unknown","Unknown",530,530,530,368,368,368,400,NA,440,NA,410,NA,470,NA,410,NA,380,NA,105491.75,65940.8828125,104796,94302.7265625,66767.7578125,92725,8736.48046875,NA,7632.00048828125,NA,7431.84033203125,NA,7031.5205078125,NA,8441.6396484375,NA,7140.8095703125,NA,NA,NA,NA,NA
"08-NOV-2018",2018-11-08 08:44:23,"2018-11-08","8H 44M 23S","Unknown","2.16.0","Unknown","Unknown",530,530,530,368,368,368,400,NA,440,NA,410,NA,470,NA,410,NA,380,NA,110683.3046875,66230.578125,109550,102571.203125,67274.78125,100003,9105.1201171875,NA,7992.00048828125,NA,8189.2802734375,NA,8219.5205078125,NA,8799.26953125,NA,8116.759765625,NA,NA,NA,NA,NA
"07-NOV-2018",2018-11-07 08:59:04,"2018-11-07","8H 59M 4S","Unknown","2.16.0","Unknown","Unknown",530,530,530,368,368,368,400,NA,440,NA,410,NA,470,NA,410,NA,380,NA,108276.80859375,66284.85546875,107084.5,98100.72265625,67265.671875,95781,8883.3603515625,NA,7807.68017578125,NA,7949.52026367188,NA,7993.4404296875,NA,8703.6396484375,NA,8077.45947265625,NA,NA,NA,NA,NA
"06-NOV-2018",2018-11-06 09:03:07,"2018-11-06","9H 3M 7S","Unknown","2.16.0","Unknown","Unknown",530,530,530,368,368,368,400,NA,440,NA,410,NA,470,NA,410,NA,380,NA,110256.515625,66390.5703125,108927,100091.5234375,67435.4140625,97471,8995.6806640625,NA,7938.72021484375,NA,8161.92041015625,NA,8187.84033203125,NA,8627.6591796875,NA,8030.2998046875,NA,NA,NA,NA,NA
"05-NOV-2018",2018-11-05 09:07:13,"2018-11-05","9H 7M 13S","Unknown","2.16.0","Unknown","Unknown",530,530,530,368,368,368,400,NA,440,NA,410,NA,470,NA,410,NA,380,NA,111831.7265625,65934.015625,111128,100029.6015625,66929.5234375,98102,8920.80078125,NA,7865.2802734375,NA,8084.16015625,NA,8238.240234375,NA,8622.419921875,NA,8145.57958984375,NA,NA,NA,NA,NA
"02-NOV-2018",2018-11-02 08:59:48,"2018-11-02","8H 59M 48S","Unknown","2.16.0","Unknown","Unknown",530,530,530,368,368,368,400,NA,440,NA,410,NA,470,NA,410,NA,380,NA,109647.7265625,66143.19921875,109093.5,97466.40234375,67204.18359375,95318.5,8808.48046875,NA,7754.400390625,NA,8039.5205078125,NA,8226.00048828125,NA,8579.189453125,NA,8156.0595703125,NA,NA,NA,NA,NA
"01-NOV-2018",2018-11-01 08:27:25,"2018-11-01","8H 27M 25S","Unknown","2.16.0","Unknown","Unknown",530,530,530,368,368,368,400,NA,440,NA,410,NA,470,NA,410,NA,380,NA,111217.92578125,66130.44921875,110349,97681.68359375,67158.875,95455.5,8811.3603515625,NA,7778.16040039062,NA,8035.2001953125,NA,8306.64013671875,NA,8584.4296875,NA,8281.8193359375,NA,NA,NA,NA,NA
"31-OCT-2018",2018-10-31 08:29:46,"2018-10-31","8H 29M 46S","Unknown","2.16.0","Unknown","Unknown",530,530,530,368,368,368,400,NA,440,NA,410,NA,470,NA,410,NA,380,NA,110457.62109375,66004.16796875,109690,98416.8046875,66991.9609375,96482.5,8801.2802734375,NA,7734.240234375,NA,8148.24047851562,NA,8516.16015625,NA,8733.76953125,NA,8528.099609375,NA,NA,NA,NA,NA
"30-OCT-2018",2018-10-30 08:37:55,"2018-10-30","8H 37M 55S","Unknown","2.16.0","Unknown","Unknown",530,530,530,368,368,368,400,NA,440,NA,410,NA,470,NA,410,NA,380,NA,108700.4140625,66538.8046875,106974,97333.921875,67597.984375,94436,8788.3203125,NA,7778.88037109375,NA,8030.88037109375,NA,8292.9599609375,NA,8690.5400390625,NA,8453.4296875,NA,NA,NA,NA,NA
"29-OCT-2018",2018-10-29 09:31:20,"2018-10-29","9H 31M 20S","Unknown","2.16.0","Unknown","Unknown",530,530,530,368,368,368,400,NA,440,NA,410,NA,470,NA,410,NA,380,NA,109727.34765625,66039,109141.5,99226.80078125,67038.1640625,97191,8664.48046875,NA,7612.56030273438,NA,7848.00048828125,NA,8164.08032226562,NA,8501.8994140625,NA,8281.16455078125,NA,NA,NA,NA,NA
"26-OCT-2018",2018-10-26 08:44:46,"2018-10-26","8H 44M 46S","Unknown","2.16.0","Unknown","Unknown",530,530,530,368,368,368,400,NA,440,NA,410,NA,470,NA,410,NA,380,NA,109614.05078125,66176.9453125,108350,102564.72265625,67293.0625,100003.5,8920.80078125,NA,7911.3603515625,NA,8185.68041992188,NA,8552.88037109375,NA,8766.51953125,NA,8585.7392578125,NA,NA,NA,NA,NA
"25-OCT-2018",2018-10-25 08:50:04,"2018-10-25","8H 50M 4S","Unknown","2.16.0","Unknown","Unknown",530,530,530,368,368,368,400,NA,440,NA,410,NA,470,NA,410,NA,380,NA,106715.703125,66182.3125,105660,99374.40625,67292.1875,96917,8782.560546875,NA,7735.68017578125,NA,7735.68017578125,NA,7490.88037109375,NA,8668.26953125,NA,7647.77978515625,NA,NA,NA,NA,NA
"24-OCT-2018",2018-10-24 09:00:51,"2018-10-24","9H 0M 51S","Unknown","2.16.0","Unknown","Unknown",530,530,530,368,368,368,400,NA,440,NA,410,NA,470,NA,410,NA,380,NA,106837.640625,66120.890625,105796,100782.7265625,67233.25,98277,8835.8408203125,NA,7787.5205078125,NA,7788.96044921875,NA,7593.1201171875,NA,8715.4296875,NA,7743.40966796875,NA,NA,NA,NA,NA
"23-OCT-2018",2018-10-23 08:55:19,"2018-10-23","8H 55M 19S","Unknown","2.16.0","Unknown","Unknown",530,530,530,368,368,368,400,NA,440,NA,410,NA,470,NA,410,NA,380,NA,106663.8359375,66162.7578125,105421,100810.0859375,67388.1875,98122,8844.48046875,NA,7824.96044921875,NA,7896.96044921875,NA,7675.2001953125,NA,8694.4697265625,NA,7773.53955078125,NA,NA,NA,NA,NA
"22-OCT-2018",2018-10-22 09:27:58,"2018-10-22","9H 27M 58S","Unknown","2.16.0","Unknown","Unknown",530,530,530,368,368,368,400,NA,440,NA,410,NA,470,NA,410,NA,380,NA,108865.125,66026.9921875,108133,100516.3203125,66868.015625,98686,8976.9599609375,NA,7935.84033203125,NA,7967.5205078125,NA,7797.60009765625,NA,8680.0595703125,NA,7727.689453125,NA,NA,NA,NA,NA
"19-OCT-2018",2018-10-19 08:45:28,"2018-10-19","8H 45M 28S","Unknown","2.16.0","Unknown","Unknown",530,530,530,368,368,368,400,NA,440,NA,410,NA,470,NA,410,NA,380,NA,112647.0859375,65956.7421875,112055,101550.2421875,66983.90625,99509,9084.9599609375,NA,8004.96044921875,NA,7761.60009765625,NA,7024.3203125,NA,8418.0595703125,NA,6636.45947265625,NA,NA,NA,NA,NA
"18-OCT-2018",2018-10-18 08:37:30,"2018-10-18","8H 37M 30S","Unknown","2.16.0","Unknown","Unknown",530,530,530,368,368,368,400,NA,440,NA,410,NA,470,NA,410,NA,380,NA,107581.56640625,65938.0078125,106810.5,99911.5234375,67057.68359375,97771.5,8802.00048828125,NA,7760.88012695312,NA,7698.240234375,NA,7124.40014648438,NA,8511.0693359375,NA,7047.7998046875,NA,NA,NA,NA,NA
"17-OCT-2018",2018-10-17 08:10:08,"2018-10-17","8H 10M 8S","Unknown","2.16.0","Unknown","Unknown",530,530,530,368,368,368,400,NA,440,NA,410,NA,470,NA,410,NA,380,NA,110802.515625,66021.828125,109955,98477.28125,67135.8046875,96256,8785.4404296875,NA,7827.84033203125,NA,7912.80029296875,NA,7408.80029296875,NA,8551.6796875,NA,7066.1396484375,NA,NA,NA,NA,NA
"16-OCT-2018",2018-10-16 08:47:36,"2018-10-16","8H 47M 36S","Unknown","2.16.0","Unknown","Unknown",530,530,530,368,368,368,400,NA,440,NA,410,NA,470,NA,410,NA,380,NA,112681.20703125,66076.87890625,111701,101134.8046875,67261.453125,98819.5,9096.48046875,NA,8011.44018554688,NA,7853.76025390625,NA,7248.96044921875,NA,8590.9794921875,NA,7024.2197265625,NA,NA,NA,NA,NA
"15-OCT-2018",2018-10-15 09:46:47,"2018-10-15","9H 46M 47S","Unknown","2.16.0","Unknown","Unknown",530,530,530,368,368,368,400,NA,440,NA,410,NA,470,NA,410,NA,380,NA,111731.625,66377.515625,110393,98582.40625,67506.5078125,95963,9171.3603515625,NA,8081.2802734375,NA,7868.16015625,NA,7195.68017578125,NA,8490.109375,NA,6940.3798828125,NA,NA,NA,NA,NA
"12-OCT-2018",2018-10-12 08:48:32,"2018-10-12","8H 48M 32S","Unknown","2.16.0","Unknown","Unknown",530,530,530,368,368,368,400,NA,440,NA,410,NA,470,NA,410,NA,380,NA,109227.7578125,65934.640625,108875,99944.64453125,67203.51953125,97700.5,9059.0400390625,NA,7979.04052734375,NA,7716.24047851562,NA,7134.48022460938,NA,8397.75439453125,NA,6935.1396484375,NA,NA,NA,NA,NA
"31-AUG-2018",2018-08-31 09:10:08,"2018-08-31","9H 10M 8S","Unknown","2.16.0","Unknown","Unknown",530,530,530,368,368,368,400,NA,440,NA,410,NA,470,NA,410,NA,380,NA,116073.234375,66248.2734375,114702,101498.40625,67308.1171875,98568,8962.560546875,NA,7950.240234375,NA,7810.560546875,NA,7352.64013671875,NA,8275.26953125,NA,7173.5595703125,NA,NA,NA,NA,NA
"30-AUG-2018",2018-08-30 09:01:58,"2018-08-30","9H 1M 58S","Unknown","2.16.0","Unknown","Unknown",530,530,530,368,368,368,400,NA,440,NA,410,NA,470,NA,410,NA,380,NA,114873.8515625,66402.265625,113608,100337.765625,67807.1328125,97084,8987.0400390625,NA,8006.400390625,NA,7837.92041015625,NA,7431.84033203125,NA,8260.859375,NA,7320.27978515625,NA,NA,NA,NA,NA
"29-AUG-2018",2018-08-29 09:09:35,"2018-08-29","9H 9M 35S","Unknown","2.16.0","Unknown","Unknown",530,530,530,368,368,368,400,NA,440,NA,410,NA,470,NA,410,NA,380,NA,114022.546875,66135.8125,112984,100969.203125,67788.99609375,97883,9109.4404296875,NA,8031.60034179688,NA,7925.04028320312,NA,7516.80029296875,NA,8490.7646484375,NA,7550.83984375,NA,NA,NA,NA,NA
"28-AUG-2018",2018-08-28 09:29:03,"2018-08-28","9H 29M 3S","Unknown","2.16.0","Unknown","Unknown",530,530,530,368,368,368,400,NA,440,NA,410,NA,470,NA,410,NA,380,NA,115775.6640625,66062.7734375,114958,99370.0859375,67419.6171875,96764,9234.720703125,NA,8156.16015625,NA,8074.080078125,NA,7704.00048828125,NA,8431.1591796875,NA,7561.31982421875,NA,NA,NA,NA,NA
"27-AUG-2018",2018-08-27 09:34:07,"2018-08-27","9H 34M 7S","Unknown","2.16.0","Unknown","Unknown",530,530,530,368,368,368,400,NA,440,NA,410,NA,470,NA,410,NA,380,NA,112020.09375,65649.8359375,112007,97119.3671875,67154.1953125,94649,8884.80078125,NA,7875.3603515625,NA,7814.88037109375,NA,7549.92041015625,NA,8366.9697265625,NA,7549.52978515625,NA,NA,NA,NA,NA
"24-AUG-2018",2018-08-24 08:42:46,"2018-08-24","8H 42M 46S","Unknown","2.16.0","Unknown","Unknown",530,530,530,368,368,368,400,NA,440,NA,410,NA,470,NA,410,NA,380,NA,116706.59375,66055.48828125,115835.5,99113.76171875,67418.89453125,96551.5,9318.240234375,NA,8262.720703125,NA,8238.96044921875,NA,8000.64013671875,NA,8364.349609375,NA,7632.0595703125,NA,NA,NA,NA,NA
"23-AUG-2018",2018-08-23 08:52:43,"2018-08-23","8H 52M 43S","Unknown","2.16.0","Unknown","Unknown",530,530,530,368,368,368,400,NA,440,NA,410,NA,470,NA,410,NA,380,NA,116423.12890625,66244.4140625,115226,98977.68359375,67553.2265625,96478.5,9247.6806640625,NA,8245.4404296875,NA,8227.4404296875,NA,8110.080078125,NA,8322.4296875,NA,7777.4697265625,NA,NA,NA,NA,NA
"22-AUG-2018",2018-08-22 09:02:29,"2018-08-22","9H 2M 29S","Unknown","2.16.0","Unknown","Unknown",530,530,530,368,368,368,400,NA,440,NA,410,NA,470,NA,410,NA,380,NA,115830.265625,66112.40625,114872,100251.3671875,67466.25,97685,9266.400390625,NA,8143.2001953125,NA,8455.6806640625,NA,8775.3603515625,NA,8482.25,NA,8403.6494140625,NA,NA,NA,NA,NA
"21-AUG-2018",2018-08-21 09:09:50,"2018-08-21","9H 9M 50S","Unknown","2.16.0","Unknown","Unknown",530,530,530,368,368,368,400,NA,440,NA,410,NA,470,NA,410,NA,380,NA,112940.10546875,66164.88671875,111939.5,98164.0859375,67528.1015625,95472,9154.080078125,NA,8038.080078125,NA,7705.4404296875,NA,7027.2001953125,NA,8225.4892578125,NA,6886.01489257812,NA,NA,NA,NA,NA
"17-AUG-2018",2018-08-17 09:17:35,"2018-08-17","9H 17M 35S","Unknown","2.16.0","Unknown","Unknown",530,530,530,368,368,368,400,NA,440,NA,410,NA,470,NA,410,NA,380,NA,116947.2890625,66086.60546875,115975.5,99802.8046875,67350.4140625,97337.5,9321.1201171875,NA,8225.2802734375,NA,8546.400390625,NA,8907.8408203125,NA,8446.8798828125,NA,8327.669921875,NA,NA,NA,NA,NA
"16-AUG-2018",2018-08-16 09:18:50,"2018-08-16","9H 18M 50S","Unknown","2.16.0","Unknown","Unknown",530,530,530,368,368,368,400,NA,440,NA,410,NA,470,NA,410,NA,380,NA,114626.3359375,65996.2109375,113903.5,95288.40234375,67049.0390625,93371.5,9025.919921875,NA,7970.400390625,NA,8242.560546875,NA,8336.16015625,NA,8428.5400390625,NA,7962.1796875,NA,NA,NA,NA,NA
"14-AUG-2018",2018-08-14 14:28:31,"2018-08-14","14H 28M 31S","Unknown","2.16.0","Unknown","Unknown",530,530,530,368,368,368,400,NA,440,NA,410,NA,470,NA,410,NA,380,NA,116083.2421875,65853.5078125,115647,97359.84375,66764.265625,95700.5,9622.080078125,NA,8398.080078125,NA,6995.5205078125,NA,4867.2001953125,NA,7638.60961914062,NA,4434.349609375,NA,NA,NA,NA,NA
"08-AUG-2018",2018-08-08 08:57:50,"2018-08-08","8H 57M 50S","Unknown","2.16.0","Unknown","Unknown",530,530,530,368,368,368,400,NA,440,NA,410,NA,470,NA,410,NA,380,NA,115680.1171875,66214.9140625,114763,96140.1640625,67065.078125,94153,9217.4404296875,NA,8134.560546875,NA,8442.720703125,NA,8557.919921875,NA,8381.3798828125,NA,8119.3798828125,NA,NA,NA,NA,NA
"07-AUG-2018",2018-08-07 15:56:55,"2018-08-07","15H 56M 55S","Unknown","2.16.0","Unknown","Unknown",530,530,530,368,368,368,400,NA,440,NA,410,NA,470,NA,410,NA,380,NA,112807.2421875,65745.6640625,112526,87392.1640625,66305.84375,86588,8660.16015625,NA,7608.96044921875,NA,7873.92041015625,NA,7934.400390625,NA,8064.35986328125,NA,7844.27978515625,NA,NA,NA,NA,NA
"07-AUG-2018",2018-08-07 08:59:52,"2018-08-07","8H 59M 52S","Unknown","2.16.0","Unknown","Unknown",530,530,530,368,368,368,400,NA,440,NA,410,NA,470,NA,410,NA,380,NA,109100.81640625,65650.4140625,108918.5,88472.1640625,66374.03515625,87444,8673.84033203125,NA,7663.68017578125,NA,8022.240234375,NA,8200.80078125,NA,9126.76953125,NA,8932.8896484375,NA,NA,NA,NA,NA
"06-AUG-2018",2018-08-06 13:32:33,"2018-08-06","13H 32M 33S","Unknown","2.16.0","Unknown","Unknown",530,530,530,368,368,368,400,NA,440,NA,410,NA,470,NA,410,NA,380,NA,108570.28125,63615.703125,111719,82775.5234375,64580.16015625,83883,8540.640625,NA,7515.3603515625,NA,7358.400390625,NA,6733.4404296875,NA,8539.8896484375,NA,7368.74951171875,NA,NA,NA,NA,NA
"03-AUG-2018",2018-08-03 09:35:56,"2018-08-03","9H 35M 56S","Unknown","2.16.0","Unknown","Unknown",530,530,530,368,368,368,400,NA,440,NA,410,NA,470,NA,410,NA,380,NA,108837.8203125,65439.23828125,108823,89716.3203125,65952.8046875,88834,9080.640625,NA,7961.76025390625,NA,7737.1201171875,NA,7236.00048828125,NA,8816.2998046875,NA,7734.23974609375,NA,NA,NA,NA,NA
"02-AUG-2018",2018-08-02 09:05:52,"2018-08-02","9H 5M 52S","Unknown","2.16.0","Unknown","Unknown",530,530,530,368,368,368,400,NA,440,NA,410,NA,470,NA,410,NA,380,NA,110848.46875,65432.984375,111061,88012.8046875,66137.75,87272,9154.80029296875,NA,8006.400390625,NA,7172.64013671875,NA,5556.240234375,NA,8669.580078125,NA,5960.49951171875,NA,NA,NA,NA,NA
"01-AUG-2018",2018-08-01 09:22:51,"2018-08-01","9H 22M 51S","Unknown","2.16.0","Unknown","Unknown",530,530,530,368,368,368,400,NA,440,NA,410,NA,470,NA,410,NA,380,NA,110382.09375,65749.6171875,110243,90325.4453125,66406.984375,89082,9335.5205078125,NA,8208,NA,7297.92041015625,NA,5679.3603515625,NA,8600.1494140625,NA,5952.6396484375,NA,NA,NA,NA,NA
"31-JUL-2018",2018-07-31 09:25:59,"2018-07-31","9H 25M 59S","Unknown","2.16.0","Unknown","Unknown",530,530,530,368,368,368,400,NA,440,NA,410,NA,470,NA,410,NA,380,NA,111820.34765625,65520.521484375,111938,88560.72265625,66149.48828125,87937.5,9298.080078125,NA,8151.84033203125,NA,7551.3603515625,NA,6227.2802734375,NA,8898.830078125,NA,6615.49951171875,NA,NA,NA,NA,NA
"30-JUL-2018",2018-07-30 08:24:13,"2018-07-30","8H 24M 13S","Unknown","2.16.0","Unknown","Unknown",530,530,530,368,368,368,400,NA,440,NA,410,NA,470,NA,410,NA,380,NA,111333.953125,65608.09765625,111255.5,87755.046875,66158.60546875,86985,9158.400390625,NA,8082.72021484375,NA,7545.60009765625,NA,6249.60009765625,NA,8905.3798828125,NA,6732.08984375,NA,NA,NA,NA,NA
"27-JUL-2018",2018-07-27 08:55:19,"2018-07-27","8H 55M 19S","Unknown","2.16.0","Unknown","Unknown",530,530,530,368,368,368,400,NA,440,NA,410,NA,470,NA,410,NA,380,NA,111466.8125,65652.7265625,111252,88768.8046875,66417.390625,87591,8968.3203125,NA,7925.76025390625,NA,7868.16015625,NA,7341.1201171875,NA,9066.509765625,NA,7971.349609375,NA,NA,NA,NA,NA
"26-JUL-2018",2018-07-26 09:23:02,"2018-07-26","9H 23M 2S","Unknown","2.16.0","Unknown","Unknown",530,530,530,368,368,368,400,NA,440,NA,410,NA,470,NA,410,NA,380,NA,113219.4765625,65577.5546875,113164.5,87931.4453125,66278.74609375,87115.5,9106.560546875,NA,8066.88037109375,NA,7909.92041015625,NA,7428.96044921875,NA,8952.5400390625,NA,7970.03955078125,NA,NA,NA,NA,NA
"25-JUL-2018",2018-07-25 09:12:53,"2018-07-25","9H 12M 53S","Unknown","2.16.0","Unknown","Unknown",530,530,530,368,368,368,400,NA,440,NA,410,NA,470,NA,410,NA,380,NA,108327.3125,65529.1171875,108497,85551.84375,66233.8671875,84812,8773.919921875,NA,7752.96044921875,NA,8133.1201171875,NA,8386.560546875,NA,9107.119140625,NA,9177.859375,NA,NA,NA,NA,NA
"24-JUL-2018",2018-07-24 09:53:33,"2018-07-24","9H 53M 33S","Unknown","FACSCantoII","V96100817","Administrator",530,530,530,368,368,368,400,NA,440,NA,410,NA,470,NA,410,NA,380,NA,109312.84375,65477.2578125,109553,83360.1640625,66011.8671875,82853,8857.4404296875,NA,7804.80029296875,NA,7754.400390625,NA,7378.56005859375,NA,8818.919921875,NA,8146.8896484375,NA,0,28.7,1.44,1.31
"23-JUL-2018",2018-07-23 08:51:32,"2018-07-23","8H 51M 32S","Unknown","2.16.0","Unknown","Unknown",530,530,530,368,368,368,400,NA,440,NA,410,NA,470,NA,410,NA,380,NA,109326.0390625,65570.70703125,109082.5,85109.76171875,66346.88671875,84219.5,8899.2001953125,NA,7887.60034179688,NA,7872.48046875,NA,7632.00048828125,NA,8990.529296875,NA,8501.8994140625,NA,NA,NA,NA,NA
"20-JUL-2018",2018-07-20 08:31:51,"2018-07-20","8H 31M 51S","Unknown","2.16.0","Unknown","Unknown",530,530,530,368,368,368,400,NA,440,NA,410,NA,470,NA,410,NA,380,NA,112576.10546875,65233.771484375,113074.5,87337.44140625,65927.43359375,86831.5,9033.1201171875,NA,7975.44018554688,NA,8293.68017578125,NA,8371.4404296875,NA,8936.8193359375,NA,8830.0546875,NA,NA,NA,NA,NA
"19-JUL-2018",2018-07-19 09:06:42,"2018-07-19","9H 6M 42S","Unknown","2.16.0","Unknown","Unknown",530,530,530,368,368,368,400,NA,440,NA,410,NA,470,NA,410,NA,380,NA,115919.4453125,65632.140625,115683,89801.28125,66495.8671875,88685,9408.9599609375,NA,8275.6806640625,NA,6910.56005859375,NA,4832.64013671875,NA,8335.529296875,NA,4919.0498046875,NA,NA,NA,NA,NA
"18-JUL-2018",2018-07-18 09:11:20,"2018-07-18","9H 11M 20S","Unknown","2.16.0","Unknown","Unknown",530,530,530,368,368,368,400,NA,440,NA,410,NA,470,NA,410,NA,380,NA,113761.37890625,65598.59375,113656,92450.8828125,66545.0234375,91152.5,9123.8408203125,NA,8097.84033203125,NA,8291.5205078125,NA,8328.240234375,NA,9010.83447265625,NA,8770.44921875,NA,NA,NA,NA,NA
"17-JUL-2018",2018-07-17 09:05:16,"2018-07-17","9H 5M 16S","Unknown","2.16.0","Unknown","Unknown",530,530,530,368,368,368,400,NA,440,NA,410,NA,470,NA,410,NA,380,NA,112484.1953125,65764.0859375,112629,95093.28125,66639.0859375,93524,9192.9599609375,NA,8160.48046875,NA,8504.640625,NA,8697.6005859375,NA,9058.6494140625,NA,9105.8095703125,NA,NA,NA,NA,NA
"16-JUL-2018",2018-07-16 08:59:34,"2018-07-16","8H 59M 34S","Unknown","2.16.0","Unknown","Unknown",530,530,530,368,368,368,400,NA,440,NA,410,NA,470,NA,410,NA,380,NA,111073.6953125,65640.203125,110789,90452.1640625,66557.796875,89053,9024.48046875,NA,8000.64013671875,NA,7400.16015625,NA,6094.080078125,NA,8773.0693359375,NA,6593.2294921875,NA,NA,NA,NA,NA
"13-JUL-2018",2018-07-13 08:52:35,"2018-07-13","8H 52M 35S","Unknown","2.16.0","Unknown","Unknown",530,530,530,368,368,368,400,NA,440,NA,410,NA,470,NA,410,NA,380,NA,115761.1015625,65770.1015625,115619,93628.8046875,66635.671875,92234,9518.400390625,NA,8364.9599609375,NA,6789.60009765625,NA,4383.3603515625,NA,8207.1494140625,NA,4425.1796875,NA,NA,NA,NA,NA
"12-JUL-2018",2018-07-12 09:56:45,"2018-07-12","9H 56M 45S","Unknown","2.16.0","Unknown","Unknown",530,530,530,368,368,368,400,NA,440,NA,410,NA,470,NA,410,NA,380,NA,115300.1875,65421.728515625,115377,90048.9609375,65962.359375,89551,9406.080078125,NA,8246.8798828125,NA,6773.04028320312,NA,4465.43994140625,NA,8176.36450195312,NA,4463.169921875,NA,NA,NA,NA,NA
"11-JUL-2018",2018-07-11 09:39:08,"2018-07-11","9H 39M 8S","Unknown","2.16.0","Unknown","Unknown",530,530,530,368,368,368,400,NA,440,NA,410,NA,470,NA,410,NA,380,NA,111587.38671875,65976.5703125,110778,90672.48046875,66888.79296875,88752,9442.080078125,NA,8241.84033203125,NA,6801.1201171875,NA,4524.47998046875,NA,7723.759765625,NA,4353.1298828125,NA,NA,NA,NA,NA
"10-JUL-2018",2018-07-10 08:49:26,"2018-07-10","8H 49M 26S","Unknown","2.16.0","Unknown","Unknown",530,530,530,368,368,368,400,NA,440,NA,410,NA,470,NA,410,NA,380,NA,106293.46484375,64803.853515625,108272,96146.640625,70259.0234375,89654.5,9701.2802734375,NA,8491.6806640625,NA,7081.92041015625,NA,4781.52026367188,NA,7724.41479492188,NA,4385.22485351562,NA,NA,NA,NA,NA
"09-JUL-2018",2018-07-09 09:45:39,"2018-07-09","9H 45M 39S","Unknown","2.16.0","Unknown","Unknown",530,530,530,368,368,368,400,NA,440,NA,410,NA,470,NA,410,NA,380,NA,115408.0234375,65456.85546875,115392,89768.1640625,66180.984375,88999,9558.720703125,NA,8372.16015625,NA,6972.48046875,NA,4708.80029296875,NA,8267.4091796875,NA,4714.68994140625,NA,NA,NA,NA,NA
"06-JUL-2018",2018-07-06 11:23:39,"2018-07-06","11H 23M 39S","Unknown","2.16.0","Unknown","",530,530,530,368,368,368,400,NA,440,NA,410,NA,470,NA,410,NA,380,NA,110419.40234375,65539.0234375,110472,83312.64453125,66150.51953125,82413,9025.919921875,NA,7927.92016601562,NA,6531.12036132812,NA,4453.2001953125,NA,8225.4892578125,NA,4780.18994140625,NA,NA,NA,NA,NA
"05-JUL-2018",2018-07-05 14:55:33,"2018-07-05","14H 55M 33S","Unknown","2.16.0","Unknown","Unknown",530,530,530,368,368,368,400,NA,440,NA,410,NA,470,NA,410,NA,380,NA,112040.109375,65323.25,112175,82418.40625,65980.09375,81815,8928,NA,7800.48046875,NA,7371.3603515625,NA,6505.92041015625,NA,8313.259765625,NA,6971.81982421875,NA,NA,NA,NA,NA
"05-JUL-2018",2018-07-05 14:46:53,"2018-07-05","14H 46M 53S","Unknown","2.16.0","Unknown","Unknown",530,530,530,368,368,368,400,NA,440,NA,410,NA,470,NA,410,NA,380,NA,112794.50390625,65634.92578125,112494,81412.5625,66426.6796875,80483,9075.60009765625,NA,7853.04028320312,NA,7435.44018554688,NA,6607.44018554688,NA,8423.95458984375,NA,7165.04467773438,NA,NA,NA,NA,NA
"05-JUL-2018",2018-07-05 14:35:07,"2018-07-05","14H 35M 7S","Unknown","2.16.0","Unknown","Unknown",530,530,530,368,368,368,400,NA,440,NA,410,NA,470,NA,410,NA,380,NA,111584.203125,65453.11328125,111756,81089.28125,66043.9609375,80371,9326.8798828125,NA,7813.4404296875,NA,7400.16015625,NA,6622.56005859375,NA,8284.439453125,NA,7136.8798828125,NA,NA,NA,NA,NA
"05-JUL-2018",2018-07-05 13:14:23,"2018-07-05","13H 14M 23S","Unknown","2.16.0","Unknown","Unknown",530,530,530,368,368,368,400,NA,440,NA,410,NA,470,NA,410,NA,380,NA,108066.140625,65166.6640625,108628,79355.5234375,65660.3984375,79217,8478.720703125,NA,7499.5205078125,NA,7488.00048828125,NA,7286.400390625,NA,8515,NA,8087.939453125,NA,NA,NA,NA,NA
"05-JUL-2018",2018-07-05 09:36:36,"2018-07-05","9H 36M 36S","Unknown","2.16.0","Unknown","Unknown",530,530,530,368,368,368,400,NA,440,NA,410,NA,470,NA,410,NA,380,NA,111701.13671875,65650.16015625,111560.5,85754.8828125,66462.5859375,84738.5,8881.919921875,NA,7924.3203125,NA,8166.96020507812,NA,8123.04052734375,NA,9006.90478515625,NA,8817.609375,NA,NA,NA,NA,NA
"03-JUL-2018",2018-07-03 09:33:29,"2018-07-03","9H 33M 29S","Unknown","2.16.0","Unknown","Unknown",530,530,530,368,368,368,400,NA,440,NA,410,NA,470,NA,410,NA,380,NA,109063.046875,65735.4765625,109111.5,83201.76171875,66364.1875,82044.5,8817.1201171875,NA,7904.88012695312,NA,8045.2802734375,NA,8127.3603515625,NA,8807.1298828125,NA,8817.609375,NA,NA,NA,NA,NA
"02-JUL-2018",2018-07-02 09:23:54,"2018-07-02","9H 23M 54S","Unknown","2.16.0","Unknown","Unknown",530,530,530,368,368,368,400,NA,440,NA,410,NA,470,NA,410,NA,380,NA,113387.8203125,65094.16015625,114101,73807.203125,65544.9609375,73884,8605.4404296875,NA,7704.00048828125,NA,7957.4404296875,NA,7986.240234375,NA,8399.7197265625,NA,8508.44921875,NA,NA,NA,NA,NA
"29-JUN-2018",2018-06-29 09:39:33,"2018-06-29","9H 39M 33S","Unknown","2.16.0","Unknown","Unknown",530,530,530,368,368,368,400,NA,440,NA,410,NA,470,NA,410,NA,380,NA,117720.3359375,65686.84375,117375,105288.484375,66585.8984375,103965,9380.16015625,NA,8409.6005859375,NA,7856.64013671875,NA,6814.080078125,NA,8860.83984375,NA,7064.82958984375,NA,NA,NA,NA,NA
"28-JUN-2018",2018-06-28 10:11:38,"2018-06-28","10H 11M 38S","Unknown","FACSCantoII","V96100817","Administrator",530,530,530,368,368,368,400,NA,440,NA,410,NA,470,NA,410,NA,380,NA,115372.53125,65557.8828125,115370,105098.40625,66354.8828125,104010,9243.3603515625,NA,8268.48046875,NA,7669.4404296875,NA,6668.64013671875,NA,8720.669921875,NA,7015.0498046875,NA,0,28.7,1.44,1.31
"28-JUN-2018",2018-06-28 10:06:09,"2018-06-28","10H 6M 9S","Unknown","2.16.0","Unknown","Unknown",530,530,530,368,368,368,400,NA,440,NA,410,NA,470,NA,410,NA,380,NA,116174.69921875,65580.54296875,116082.5,106193.5234375,66404.99609375,105036.5,9292.3203125,NA,8323.2001953125,NA,7744.3203125,NA,6775.2001953125,NA,8766.51953125,NA,7089.7197265625,NA,NA,NA,NA,NA
"27-JUN-2018",2018-06-27 09:14:46,"2018-06-27","9H 14M 46S","Unknown","2.16.0","Unknown","Unknown",530,530,530,368,368,368,400,NA,440,NA,410,NA,470,NA,410,NA,380,NA,115713.78125,65961.5,116353,111767.046875,66746.15625,109711,9665.2802734375,NA,8652.9599609375,NA,8251.2001953125,NA,7273.4404296875,NA,9012.7998046875,NA,7404.11962890625,NA,NA,NA,NA,NA
"25-JUN-2018",2018-06-25 11:47:14,"2018-06-25","11H 47M 14S","Unknown","2.16.0","Unknown","Unknown",530,530,530,368,368,368,400,NA,440,NA,410,NA,470,NA,410,NA,380,NA,111447.24609375,65532.537109375,111833.5,104604.484375,66300.984375,103410,9142.560546875,NA,8132.40014648438,NA,7678.80029296875,NA,6840.72045898438,NA,8615.869140625,NA,7346.4794921875,NA,NA,NA,NA,NA
"21-JUN-2018",2018-06-21 10:08:33,"2018-06-21","10H 8M 33S","Unknown","2.16.0","Unknown","Unknown",530,530,530,368,368,368,400,NA,440,NA,410,NA,470,NA,410,NA,380,NA,117232.1171875,65734.8203125,117676,108867.6015625,66602.01953125,107258,9487.4404296875,NA,8500.3203125,NA,8655.12060546875,NA,8832.240234375,NA,8963.01953125,NA,8989.2197265625,NA,NA,NA,NA,NA
"20-JUN-2018",2018-06-20 10:14:27,"2018-06-20","10H 14M 27S","Unknown","2.16.0","Unknown","Unknown",530,530,530,368,368,368,400,NA,440,NA,410,NA,470,NA,410,NA,380,NA,120511.3046875,65581.23828125,120347,109430.64453125,66283.046875,108192,9492.48046875,NA,8416.80078125,NA,8611.92041015625,NA,8768.16015625,NA,8841.8447265625,NA,8961.7099609375,NA,NA,NA,NA,NA
"19-JUN-2018",2018-06-19 14:31:19,"2018-06-19","14H 31M 19S","Unknown","2.16.0","Unknown","Unknown",530,530,530,368,368,368,400,NA,440,NA,410,NA,470,NA,410,NA,380,NA,117998.796875,65341.25390625,118195,103406.40625,65840.359375,103127,9288,NA,8202.240234375,NA,8043.84033203125,NA,7417.4404296875,NA,8655.169921875,NA,7778.77978515625,NA,NA,NA,NA,NA
"18-JUN-2018",2018-06-18 09:29:47,"2018-06-18","9H 29M 47S","Unknown","2.16.0","Unknown","Unknown",530,530,530,368,368,368,400,NA,440,NA,410,NA,470,NA,410,NA,380,NA,119127.6484375,65787.1953125,118572.5,110316.24609375,66697.0859375,108385.5,9493.919921875,NA,8462.8798828125,NA,8308.80078125,NA,7825.68041992188,NA,9001.009765625,NA,8149.509765625,NA,NA,NA,NA,NA
"14-JUN-2018",2018-06-14 09:01:43,"2018-06-14","9H 1M 43S","Unknown","2.16.0","Unknown","Unknown",530,530,530,368,368,368,400,NA,440,NA,410,NA,470,NA,410,NA,380,NA,121031.3671875,65918.67578125,120806,114415.92578125,66792.6484375,112432,9993.6005859375,NA,8920.80078125,NA,8179.2001953125,NA,6878.88037109375,NA,8770.44921875,NA,6891.90966796875,NA,NA,NA,NA,NA
"13-JUN-2018",2018-06-13 08:55:48,"2018-06-13","8H 55M 48S","Unknown","2.16.0","Unknown","Unknown",530,530,530,368,368,368,400,NA,440,NA,410,NA,470,NA,410,NA,380,NA,119673.1953125,65935.828125,119136,110134.0859375,66802.9609375,108128,9578.880859375,NA,8510.400390625,NA,8500.3203125,NA,8255.5205078125,NA,8986.599609375,NA,8543.8193359375,NA,NA,NA,NA,NA
"12-JUN-2018",2018-06-12 09:02:05,"2018-06-12","9H 2M 5S","Unknown","2.16.0","Unknown","Unknown",530,530,530,368,368,368,400,NA,440,NA,410,NA,470,NA,410,NA,380,NA,122143.84375,65818.7421875,122074.5,111787.921875,66712.46875,109845,9642.240234375,NA,8573.7607421875,NA,8822.16015625,NA,9048.9599609375,NA,9034.41455078125,NA,9228.94921875,NA,NA,NA,NA,NA
"11-JUN-2018",2018-06-11 17:18:17,"2018-06-11","17H 18M 17S","Unknown","FACSCantoII","V96100817","Administrator",530,530,530,368,368,368,400,NA,440,NA,410,NA,470,NA,410,NA,380,NA,122247.12890625,65517.609375,122861,109955.5234375,66034.3828125,109728.5,9661.68017578125,NA,8524.80078125,NA,8002.08032226562,NA,7138.08032226562,NA,8459.9794921875,NA,7138.18969726562,NA,0,28.7,1.44,1.31
"11-JUN-2018",2018-06-11 09:09:00,"2018-06-11","9H 9M 0S","Unknown","2.16.0","Unknown","Unknown",530,530,530,368,368,368,400,NA,440,NA,410,NA,470,NA,410,NA,380,NA,118947.921875,65892.484375,118454,110203.203125,66863.015625,107855,9601.919921875,NA,8555.0400390625,NA,7977.60009765625,NA,6674.400390625,NA,8884.419921875,NA,6890.599609375,NA,NA,NA,NA,NA
"08-JUN-2018",2018-06-08 08:57:57,"2018-06-08","8H 57M 57S","Unknown","2.16.0","Unknown","Unknown",530,530,530,368,368,368,400,NA,440,NA,410,NA,470,NA,410,NA,380,NA,121241.125,66052.1875,120426,108904.328125,66870.9140625,106764,9754.560546875,NA,8668.80078125,NA,8618.400390625,NA,8134.560546875,NA,8990.529296875,NA,8247.759765625,NA,NA,NA,NA,NA
"07-JUN-2018",2018-06-07 09:45:55,"2018-06-07","9H 45M 55S","Unknown","2.16.0","Unknown","Unknown",530,530,530,368,368,368,400,NA,440,NA,410,NA,470,NA,410,NA,380,NA,121500.4765625,65915.7109375,120885,114439.68359375,66730.12109375,112599.5,9768.9599609375,NA,8677.4404296875,NA,8544.96044921875,NA,8167.68017578125,NA,8913.2392578125,NA,8287.0595703125,NA,NA,NA,NA,NA
"06-JUN-2018",2018-06-06 09:10:55,"2018-06-06","9H 10M 55S","Unknown","2.16.0","Unknown","Unknown",530,530,530,368,368,368,400,NA,440,NA,410,NA,470,NA,410,NA,380,NA,121869.4765625,65973.25390625,121272,115097.765625,66938.57421875,112788.5,9897.1201171875,NA,8820,NA,8624.88037109375,NA,8338.3203125,NA,8944.6796875,NA,8499.279296875,NA,NA,NA,NA,NA
"05-JUN-2018",2018-06-05 09:09:59,"2018-06-05","9H 9M 59S","Unknown","2.16.0","Unknown","Unknown",530,530,530,368,368,368,400,NA,440,NA,410,NA,470,NA,410,NA,380,NA,123322.296875,65999.890625,122527,115155.3671875,67038.5546875,112764,9951.8408203125,NA,8864.640625,NA,8978.400390625,NA,9040.3203125,NA,9067.8193359375,NA,9069.1298828125,NA,NA,NA,NA,NA
"04-JUN-2018",2018-06-04 10:44:00,"2018-06-04","10H 44M 0S","Unknown","2.16.0","Unknown","Unknown",530,530,530,368,368,368,400,NA,440,NA,410,NA,470,NA,410,NA,380,NA,119800.59375,65696.37109375,119773.5,106701.84765625,66337.91796875,105296,9620.64013671875,NA,8588.16015625,NA,8619.8408203125,NA,8647.2001953125,NA,8824.1591796875,NA,8855.599609375,NA,NA,NA,NA,NA
"01-JUN-2018",2018-06-01 11:04:55,"2018-06-01","11H 4M 55S","Unknown","2.16.0","Unknown","Unknown",530,530,530,368,368,368,400,NA,440,NA,410,NA,470,NA,410,NA,380,NA,116244.3125,65093.14453125,117175,106274.8828125,65946.9765625,105731,9054.720703125,NA,8121.60009765625,NA,8218.080078125,NA,8411.0400390625,NA,8816.2998046875,NA,8977.4296875,NA,NA,NA,NA,NA
"31-MAY-2018",2018-05-31 08:16:40,"2018-05-31","8H 16M 40S","Unknown","2.16.0","Unknown","Unknown",530,530,530,368,368,368,400,NA,440,NA,410,NA,470,NA,410,NA,380,NA,118297.7265625,65894.86328125,117562.5,111978.00390625,66864.63671875,109798.5,9545.7607421875,NA,8517.6005859375,NA,8598.96044921875,NA,8696.16015625,NA,8973.5,NA,9129.3896484375,NA,NA,NA,NA,NA
"30-MAY-2018",2018-05-30 09:01:13,"2018-05-30","9H 1M 13S","Unknown","2.16.0","Unknown","Unknown",530,530,530,368,368,368,400,NA,440,NA,410,NA,470,NA,410,NA,380,NA,118267.2421875,65785.3046875,117607.5,113835.60546875,66962.29296875,111040.5,9553.68017578125,NA,8568,NA,8665.919921875,NA,8784,NA,8885.7294921875,NA,9257.76953125,NA,NA,NA,NA,NA
"24-MAY-2018",2018-05-24 08:51:55,"2018-05-24","8H 51M 55S","Unknown","2.16.0","Unknown","Unknown",530,530,530,368,368,368,400,NA,440,NA,410,NA,470,NA,410,NA,380,NA,120667.82421875,65452.458984375,120889,112568.40625,66040.99609375,111771.5,9439.2001953125,NA,8464.3203125,NA,8490.240234375,NA,8454.96044921875,NA,8857.564453125,NA,9040.3095703125,NA,NA,NA,NA,NA
"22-MAY-2018",2018-05-22 09:01:02,"2018-05-22","9H 1M 2S","Unknown","2.16.0","Unknown","Unknown",530,530,530,368,368,368,400,NA,440,NA,410,NA,470,NA,410,NA,380,NA,122552.4296875,65699.765625,122137,113702.40625,66501.7578125,112129,9846.720703125,NA,8809.919921875,NA,7908.48046875,NA,6317.2802734375,NA,8511.0693359375,NA,6481.8798828125,NA,NA,NA,NA,NA
"21-MAY-2018",2018-05-21 10:03:52,"2018-05-21","10H 3M 52S","Unknown","2.16.0","Unknown","Unknown",530,530,530,368,368,368,400,NA,440,NA,410,NA,470,NA,410,NA,380,NA,119713.234375,65619.890625,119716,108794.8828125,65966.125,107915,9571.6806640625,NA,8608.3203125,NA,8246.8798828125,NA,7305.1201171875,NA,8592.2900390625,NA,7570.48974609375,NA,NA,NA,NA,NA
"16-MAY-2018",2018-05-16 09:28:05,"2018-05-16","9H 28M 5S","Unknown","2.16.0","Unknown","Unknown",530,530,530,368,368,368,400,NA,440,NA,410,NA,470,NA,410,NA,380,NA,123646.70703125,65604.05859375,123558.5,115639.20703125,66480.3359375,114080.5,9908.640625,NA,8828.640625,NA,8305.2001953125,NA,7342.56005859375,NA,8601.4599609375,NA,7591.44970703125,NA,NA,NA,NA,NA
"14-MAY-2018",2018-05-14 11:06:12,"2018-05-14","11H 6M 12S","Unknown","2.16.0","Unknown","",530,530,530,368,368,368,400,NA,440,NA,410,NA,470,NA,410,NA,380,NA,120127.28515625,65536.53515625,120281,110482.56640625,66298.96484375,109346,9555.12060546875,NA,8540.640625,NA,8397.3603515625,NA,7842.240234375,NA,8477.009765625,NA,8201.25439453125,NA,NA,NA,NA,NA
"10-MAY-2018",2018-05-10 09:48:21,"2018-05-10","9H 48M 21S","Unknown","2.16.0","Unknown","Unknown",530,530,530,368,368,368,400,NA,440,NA,410,NA,470,NA,410,NA,380,NA,129126.73046875,65787.703125,128779.5,122758.5625,66685.12890625,120746,10304.640625,NA,9221.04052734375,NA,9109.4404296875,NA,8480.16015625,NA,9435.2744140625,NA,8449.5,NA,NA,NA,NA,NA
"09-MAY-2018",2018-05-09 09:59:54,"2018-05-09","9H 59M 54S","Unknown","FACSCantoII","V96100817","Administrator",530,530,530,368,368,368,400,NA,440,NA,410,NA,470,NA,410,NA,380,NA,124830.4453125,65052.583984375,125827.5,122747.04296875,66624.58203125,120818.5,10202.400390625,NA,9122.400390625,NA,9192.9599609375,NA,8997.84033203125,NA,9564.3095703125,NA,8801.8896484375,NA,0,28.7,1.44,1.31
"08-MAY-2018",2018-05-08 09:10:08,"2018-05-08","9H 10M 8S","Unknown","2.16.0","Unknown","Unknown",530,530,530,368,368,368,400,NA,440,NA,410,NA,470,NA,410,NA,380,NA,129832.4375,65955.625,129178,126892.8046875,66746.5,124784,10343.5205078125,NA,9244.80078125,NA,9012.9599609375,NA,8392.3203125,NA,9307.5498046875,NA,8056.49951171875,NA,NA,NA,NA,NA
"07-MAY-2018",2018-05-07 11:14:53,"2018-05-07","11H 14M 53S","Unknown","2.16.0","Unknown","Unknown",530,530,530,368,368,368,400,NA,440,NA,410,NA,470,NA,410,NA,380,NA,128637.6015625,65939.046875,128051,125419.6875,66761.953125,123390,10300.3203125,NA,9249.1201171875,NA,9043.2001953125,NA,8389.4404296875,NA,9403.1796875,NA,8203.2197265625,NA,NA,NA,NA,NA
"03-MAY-2018",2018-05-03 11:07:20,"2018-05-03","11H 7M 20S","Unknown","2.16.0","Unknown","Unknown",530,530,530,368,368,368,400,NA,440,NA,410,NA,470,NA,410,NA,380,NA,131848.5390625,65759.6796875,131291.5,124076.8828125,66496.9453125,122593,10486.080078125,NA,9295.92041015625,NA,9351.3603515625,NA,8780.400390625,NA,9344.2294921875,NA,8281.8193359375,NA,NA,NA,NA,NA
"02-MAY-2018",2018-05-02 16:44:20,"2018-05-02","16H 44M 20S","Unknown","2.16.0","Unknown","Unknown",530,530,530,368,368,368,400,NA,440,NA,410,NA,470,NA,410,NA,380,NA,128936.9921875,65543.625,128940,111074.40625,66250.546875,110058,10077.1201171875,NA,8929.4404296875,NA,8915.0400390625,NA,8462.8798828125,NA,8976.119140625,NA,8022.439453125,NA,NA,NA,NA,NA
"01-MAY-2018",2018-05-01 09:14:11,"2018-05-01","9H 14M 11S","Unknown","2.16.0","Unknown","Unknown",530,530,530,368,368,368,400,NA,440,NA,410,NA,470,NA,410,NA,380,NA,133324.109375,65792.671875,132783,130021.921875,66774.1953125,127898,10548,NA,9457.919921875,NA,9493.919921875,NA,9095.0400390625,NA,9388.76953125,NA,8477.009765625,NA,NA,NA,NA,NA
"26-APR-2018",2018-04-26 10:22:04,"2018-04-26","10H 22M 4S","Unknown","2.16.0","Unknown","Unknown",530,530,530,368,368,368,400,NA,440,NA,410,NA,470,NA,410,NA,380,NA,132746.25,65545.9453125,132798.5,124472.88671875,66311.58203125,123195.5,10353.6005859375,NA,9335.5205078125,NA,9280.80078125,NA,8848.80078125,NA,9418.8994140625,NA,8511.0693359375,NA,NA,NA,NA,NA
"24-APR-2018",2018-04-24 10:10:05,"2018-04-24","10H 10M 5S","Unknown","2.16.0","Unknown","Unknown",530,530,530,368,368,368,400,NA,440,NA,410,NA,470,NA,410,NA,380,NA,132574.265625,65684.46875,132505.5,130274.64453125,66798.1796875,128016,10579.6806640625,NA,9538.560546875,NA,9856.80078125,NA,9918.720703125,NA,9228.29443359375,NA,9039,NA,NA,NA,NA,NA
"23-APR-2018",2018-04-23 09:32:52,"2018-04-23","9H 32M 52S","Unknown","2.16.0","Unknown","Unknown",530,530,530,368,368,368,400,NA,440,NA,410,NA,470,NA,410,NA,380,NA,135911.234375,65635.87890625,135612,129970.80859375,66595.14453125,128025.5,10481.7607421875,NA,9475.2001953125,NA,10065.6005859375,NA,10270.080078125,NA,9363.224609375,NA,9351.4345703125,NA,NA,NA,NA,NA
"20-APR-2018",2018-04-20 09:22:24,"2018-04-20","9H 22M 24S","Unknown","2.16.0","Unknown","Unknown",530,530,530,368,368,368,400,NA,440,NA,410,NA,470,NA,410,NA,380,NA,135282.421875,65822.2421875,134790,128417.765625,66724.9296875,126256,10739.5205078125,NA,9709.919921875,NA,9269.2802734375,NA,8079.84033203125,NA,8960.3994140625,NA,7195.82958984375,NA,NA,NA,NA,NA
"19-APR-2018",2018-04-19 09:26:36,"2018-04-19","9H 26M 36S","Unknown","2.16.0","Unknown","Unknown",530,530,530,368,368,368,400,NA,440,NA,410,NA,470,NA,410,NA,380,NA,134063.9375,65893.20703125,133300.5,123125.04296875,66875.6953125,121019,10533.6005859375,NA,9626.400390625,NA,9081.3603515625,NA,7873.92041015625,NA,8943.369140625,NA,7263.94970703125,NA,NA,NA,NA,NA
"16-APR-2018",2018-04-16 09:33:40,"2018-04-16","9H 33M 40S","Unknown","2.16.0","Unknown","Unknown",530,530,530,368,368,368,400,NA,440,NA,410,NA,470,NA,410,NA,380,NA,112503.203125,57960.203125,127308,129032.6484375,66847,126656,10209.6005859375,NA,9264.9599609375,NA,8933.7607421875,NA,7868.16015625,NA,8910.619140625,NA,7537.73974609375,NA,NA,NA,NA,NA
"16-APR-2018",2018-04-16 09:33:40,"2018-04-16","9H 33M 40S","Unknown","2.16.0","Unknown","Unknown",530,530,530,368,368,368,400,NA,440,NA,410,NA,470,NA,410,NA,380,NA,112503.203125,57960.203125,127308,129032.6484375,66847,126656,10209.6005859375,NA,9264.9599609375,NA,8933.7607421875,NA,7868.16015625,NA,8910.619140625,NA,7537.73974609375,NA,NA,NA,NA,NA
